"GivenName","MiddleInitial","Surname","StreetAddress","City","State","ZipCode","Country","EmailAddress","Department","Groups"
"Yolanda","P","Apple","192 Midway Road","Portland","AR","71654","US","Yolanda.Apple@psudev.local","IT","ORG-IT"
"Manuel","M","Griffin","1913 Tuna Street","Southfield","MI","48034","US","Manuel.Griffin@psudev.local","IT","ORG-IT"
"Lloyd","M","Parker","411 Boundary Street","Jacksonville","FL","32202","US","Lloyd.Parker@psudev.local","IT","ORG-IT"
"Clara","G","Coletti","971 Camden Street","Reno","NV","89501","US","Clara.Coletti@psudev.local","IT","ORG-IT"
"Jesus","T","Laurent","1166 Pine Tree Lane","Washington","MD","20005","US","Jesus.Laurent@psudev.local","IT","ORG-IT"
"William","P","Alexander","4037 O Conner Street","Biloxi","MS","39531","US","William.Alexander@psudev.local","IT","ORG-IT"
"Rachel","G","Meade","3575 Black Stallion Road","Lexington","KY","40507","US","Rachel.Meade@psudev.local","IT","ORG-IT"
"Nancy","J","Brown","1583 Geneva Street","New York","NY","10013","US","Nancy.Brown@psudev.local","IT","ORG-IT"
"David","E","Mundo","2006 Briarhill Lane","Youngstown","OH","44503","US","David.Mundo@psudev.local","IT","ORG-IT"
"Robert","M","Becker","3993 Woodland Avenue","New Orleans","LA","70087","US","Robert.Becker@psudev.local","IT","ORG-IT"
"Debra","G","Ragsdale","3553 Mount Olive Road","Lilburn","GA","30247","US","Debra.Ragsdale@psudev.local","IT","ORG-IT"
"Joseph","B","Silva","4136 Stratford Drive","Kailua","HI","96734","US","Joseph.Silva@psudev.local","IT","ORG-IT"
"Brian","P","Hill","777 Wyatt Street","West Palm Beach","FL","33410","US","Brian.Hill@psudev.local","IT","ORG-IT"
"Gail","F","Mack","4773 Webster Street","Branchburg","NJ","08876","US","Gail.Mack@psudev.local","IT","ORG-IT"
"Loren","A","Peterson","3800 Wilkinson Court","Cape Coral","FL","33904","US","Loren.Peterson@psudev.local","IT","ORG-IT"
"Angel","S","Pratt","1750 D Street","Mount Clemens","MI","48044","US","Angel.Pratt@psudev.local","IT","ORG-IT"
"Anthony","D","Sandberg","218 College Street","Roswell","GA","30076","US","Anthony.Sandberg@psudev.local","IT","ORG-IT"
"David","S","Fields","754 Overlook Drive","Indianapolis","IN","46202","US","David.Fields@psudev.local","IT","ORG-IT"
"Alexandra","M","Smith","4368 Centennial Farm Road","Granville","IA","51022","US","Alexandra.Smith@psudev.local","IT","ORG-IT"
"Candy","G","Ingram","2451 Spirit Drive","Deland","FL","32720","US","Candy.Ingram@psudev.local","IT","ORG-IT"
"Richard","E","Coomer","4285 Braxton Street","Chicago","IL","60607","US","Richard.Coomer@psudev.local","IT","ORG-IT"
"Barbara","E","Cooper","3660 Dawson Drive","Louisville","KY","40202","US","Barbara.Cooper@psudev.local","IT","ORG-IT"
"Roberta","J","Silva","2977 Oak Drive","Albany","NY","12206","US","Roberta.Silva@psudev.local","IT","ORG-IT"
"Linda","S","Gonzalez","3828 Cinnamon Lane","San Antonio","TX","78212","US","Linda.Gonzalez@psudev.local","IT","ORG-IT"
"Nicole","R","Smith","2081 Martha Ellen Drive","Reno","NV","89501","US","Nicole.Smith@psudev.local","IT","ORG-IT"
"Scott","K","Hennig","1127 Young Road","Orofino","ID","83544","US","Scott.Hennig@psudev.local","HR","ORG-HumanResources"
"Angelina","C","Pritts","3874 Hershell Hollow Road","Chattanooga","TN","37403","US","Angelina.Pritts@psudev.local","HR","ORG-HumanResources"
"Lisa","T","Core","289 Thomas Street","Buffalo Grove","IL","60089","US","Lisa.Core@psudev.local","HR","ORG-HumanResources"
"Kathy","W","Gonzalez","4096 Neuport Lane","Norcross","GA","30091","US","Kathy.Gonzalez@psudev.local","HR","ORG-HumanResources"
"Harry","J","Butler","3922 Middleville Road","Los Angeles","CA","90017","US","Harry.Butler@psudev.local","HR","ORG-HumanResources"
"Carrie","E","Reyes","3510 Horner Street","Cuyahoga Falls","OH","44221","US","Carrie.Reyes@psudev.local","HR","ORG-HumanResources"
"Rick","A","Daugherty","1633 Benedum Drive","Poughkeepsie","NY","12601","US","Rick.Daugherty@psudev.local","HR","ORG-HumanResources"
"Lynn","B","Rosenbaum","1350 Charter Street","Kansas City","KS","64108","US","Lynn.Rosenbaum@psudev.local","HR","ORG-HumanResources"
"Javier","S","Smith","446 Edgewood Avenue","Fresno","CA","93721","US","Javier.Smith@psudev.local","HR","ORG-HumanResources"
"Clara","B","Blodgett","732 Tenmile Road","Burlington","MA","01803","US","Clara.Blodgett@psudev.local","HR","ORG-HumanResources"
"Steve","C","Crozier","1445 Jett Lane","Riverside","CA","92507","US","Steve.Crozier@psudev.local","HR","ORG-HumanResources"
"Alice","G","Raper","3088 Hewes Avenue","Baltimore","MD","21201","US","Alice.Raper@psudev.local","HR","ORG-HumanResources"
"Joyce","A","Garcia","2679 Cambridge Court","Phoenix","AZ","85034","US","Joyce.Garcia@psudev.local","HR","ORG-HumanResources"
"Billie","K","Mulligan","4758 Meadow Lane","Lakeport","CA","95453","US","Billie.Mulligan@psudev.local","HR","ORG-HumanResources"
"Margaret","P","Holst","1725 Hidden Pond Road","Nashville","TN","37013","US","Margaret.Holst@psudev.local","HR","ORG-HumanResources"
"Donald","I","Ruiz","1258 Williams Mine Road","Flemington","NJ","08822","US","Donald.Ruiz@psudev.local","HR","ORG-HumanResources"
"Lucy","A","Blount","2752 Stout Street","Elizabethtown","PA","17022","US","Lucy.Blount@psudev.local","HR","ORG-HumanResources"
"Mary","T","Amos","631 Burke Street","South Boston","MA","02127","US","Mary.Amos@psudev.local","HR","ORG-HumanResources"
"John","E","King","4231 Pretty View Lane","Boonville","CA","95415","US","John.King@psudev.local","HR","ORG-HumanResources"
"Chet","R","Stone","859 Kelly Street","Charlotte","NC","28202","US","Chet.Stone@psudev.local","HR","ORG-HumanResources"
"Myrtle","R","Barclay","4426 Shobe Lane","Greeley","CO","80631","US","Myrtle.Barclay@psudev.local","HR","ORG-HumanResources"
"David","P","Elzey","1975 Anthony Avenue","San Angelo","TX","76903","US","David.Elzey@psudev.local","HR","ORG-HumanResources"
"Jessie","M","Peterson","667 Charles Street","Detroit","MI","48226","US","Jessie.Peterson@psudev.local","HR","ORG-HumanResources"
"Robert","H","Schultz","2321 Oakway Lane","Los Angeles","CA","90017","US","Robert.Schultz@psudev.local","HR","ORG-HumanResources"
"Erin","F","Tucker","3180 Masonic Drive","Missoula","MT","59802","US","Erin.Tucker@psudev.local","HR","ORG-HumanResources"
"Mary","T","Richardson","2372 Kincheloe Road","Stayton","OR","97383","US","Mary.Richardson@psudev.local","HR","ORG-HumanResources"
"Natalia","S","Lopez","1145 Ventura Drive","Salinas","CA","93901","US","Natalia.Lopez@psudev.local","HR","ORG-HumanResources"
"Sandra","W","Sheffield","4957 River Road","Pueblo","CO","81003","US","Sandra.Sheffield@psudev.local","HR","ORG-HumanResources"
"Patricia","H","Castillo","2730 Washburn Street","Baton Rouge","LA","70806","US","Patricia.Castillo@psudev.local","HR","ORG-HumanResources"
"April","T","Vierra","4565 Jerry Dove Drive","Bennettsville","SC","29512","US","April.Vierra@psudev.local","HR","ORG-HumanResources"
"Antonia","L","Davis","1722 Oakridge Lane","Royse City","TX","75189","US","Antonia.Davis@psudev.local","HR","ORG-HumanResources"
"Brenda","C","Richardson","2761 Hall Street","Las Vegas","NV","89110","US","Brenda.Richardson@psudev.local","HR","ORG-HumanResources"
"Jennifer","L","Davidson","3129 Chardonnay Drive","Orchards","WA","98662","US","Jennifer.Davidson@psudev.local","HR","ORG-HumanResources"
"Thomas","M","Davis","3217 Joyce Street","Fairhope","AL","36532","US","Thomas.Davis@psudev.local","HR","ORG-HumanResources"
"Elsie","G","Santiago","778 Shearwood Forest Drive","Portsmouth","NH","03801","US","Elsie.Santiago@psudev.local","HR","ORG-HumanResources"
"Terri","R","Johnson","1315 Clay Lick Road","Denver","CO","80202","US","Terri.Johnson@psudev.local","HR","ORG-HumanResources"
"Steven","K","Rogers","4071 Giraffe Hill Drive","Richardson","TX","75081","US","Steven.Rogers@psudev.local","Engineering","ORG-Engineering"
"Pearl","R","Nold","2472 Elliott Street","Pelham","NH","03076","US","Pearl.Nold@psudev.local","Engineering","ORG-Engineering"
"Antone","L","Sullivan","2759 Water Street","Oakland","CA","94612","US","Antone.Sullivan@psudev.local","Engineering","ORG-Engineering"
"Charles","M","Guel","1667 Grove Avenue","Tulsa","OK","74120","US","Charles.Guel@psudev.local","Engineering","ORG-Engineering"
"Diana","A","Campbell","1709 Williams Mine Road","Somerville","NJ","08876","US","Diana.Campbell@psudev.local","Engineering","ORG-Engineering"
"Patricia","H","Tremblay","237 Farnum Road","New York","NY","10019","US","Patricia.Tremblay@psudev.local","Engineering","ORG-Engineering"
"Thomas","A","Stillman","3942 College Avenue","Dayton","OH","45402","US","Thomas.Stillman@psudev.local","Engineering","ORG-Engineering"
"Patricia","J","Johnson","4 Fieldcrest Road","East Northport","NY","11731","US","Patricia.Johnson@psudev.local","Engineering","ORG-Engineering"
"Donald","C","Authement","1551 Scenic Way","Champaign","IL","61820","US","Donald.Authement@psudev.local","Engineering","ORG-Engineering"
"Norman","M","Slone","3373 Grim Avenue","San Diego","CA","92121","US","Norman.Slone@psudev.local","Engineering","ORG-Engineering"
"Albertine","M","Fessenden","1351 Powder House Road","Jupiter","FL","33478","US","Albertine.Fessenden@psudev.local","Engineering","ORG-Engineering"
"Timothy","M","Gantt","4278 Fittro Street","Little Rock","AR","72212","US","Timothy.Gantt@psudev.local","Engineering","ORG-Engineering"
"Teresa","A","Jones","4673 Charter Street","Gardner","KS","66030","US","Teresa.Jones@psudev.local","Engineering","ORG-Engineering"
"Carolyn","L","Six","3728 Huntz Lane","Lawrence","MA","01840","US","Carolyn.Six@psudev.local","Engineering","ORG-Engineering"
"Colleen","C","May","2730 Clement Street","Atlanta","GA","30303","US","Colleen.May@psudev.local","Engineering","ORG-Engineering"
"Donald","C","Smith","4579 Carter Street","Metropolis","IL","62960","US","Donald.Smith@psudev.local","Engineering","ORG-Engineering"
"Jessica","S","Han","4763 Hampton Meadows","Cambridge","MA","02141","US","Jessica.Han@psudev.local","Engineering","ORG-Engineering"
"Edna","R","Alvarez","4390 Eagle Street","Metropolis","IL","62960","US","Edna.Alvarez@psudev.local","Engineering","ORG-Engineering"
"Jimmy","A","Young","2396 Tennessee Avenue","Pontiac","MI","48342","US","Jimmy.Young@psudev.local","Engineering","ORG-Engineering"
"Sharon","F","Garcia","4307 Post Avenue","Nisswa","MN","56468","US","Sharon.Garcia@psudev.local","Engineering","ORG-Engineering"
"Mariann","C","Thompson","345 Heritage Road","Fresno","CA","93704","US","Mariann.Thompson@psudev.local","Engineering","ORG-Engineering"
"Leonard","M","Zurita","4694 Boring Lane","Oakland","CA","94612","US","Leonard.Zurita@psudev.local","Engineering","ORG-Engineering"
"Donald","R","Jones","183 Finwood Road","Cedar Knolls","NJ","07927","US","Donald.Jones@psudev.local","Engineering","ORG-Engineering"
"Claudia","F","Rickards","1241 Traders Alley","Kansas City","MO","64151","US","Claudia.Rickards@psudev.local","Engineering","ORG-Engineering"
"Amy","R","Green","4151 George Street","Ocala","FL","34471","US","Amy.Green@psudev.local","Engineering","ORG-Engineering"
"Helen","J","Anthony","1950 Brown Avenue","Piedmont","SC","29673","US","Helen.Anthony@psudev.local","Engineering","ORG-Engineering"
"Kevin","S","Pitman","669 Olen Thomas Drive","Thalia","TX","76384","US","Kevin.Pitman@psudev.local","Engineering","ORG-Engineering"
"Connie","A","Gatlin","2099 Roane Avenue","Pasadena","TX","77503","US","Connie.Gatlin@psudev.local","Engineering","ORG-Engineering"
"James","S","Harrison","3628 Godfrey Street","Salem","OR","97301","US","James.Harrison@psudev.local","Engineering","ORG-Engineering"
"Paige","J","Colton","2387 Rosemont Avenue","Melbourne","FL","32901","US","Paige.Colton@psudev.local","Engineering","ORG-Engineering"
"Holly","B","Kelley","350 Round Table Drive","Cincinnati","OH","45236","US","Holly.Kelley@psudev.local","Engineering","ORG-Engineering"
"Christina","J","Morvant","3784 Hummingbird Way","Foxboro","MA","02035","US","Christina.Morvant@psudev.local","Engineering","ORG-Engineering"
"Anthony","J","Orourke","786 Hartway Street","Rosebud","SD","57570","US","Anthony.Orourke@psudev.local","Engineering","ORG-Engineering"
"James","C","Webb","2569 Science Center Drive","Elba","ID","83326","US","James.Webb@psudev.local","Engineering","ORG-Engineering"
"Aurelia","K","Lee","1179 Don Jackson Lane","Flint","MI","48502","US","Aurelia.Lee@psudev.local","Engineering","ORG-Engineering"
"Richard","E","Harvey","4317 Bombardier Way","Columbus","OH","43201","US","Richard.Harvey@psudev.local","Engineering","ORG-Engineering"
"James","A","Taylor","4470 Black Oak Hollow Road","San Jose","CA","95129","US","James.Taylor@psudev.local","Engineering","ORG-Engineering"
"David","K","Hibbard","2777 Prudence Street","Detroit","MI","48219","US","David.Hibbard@psudev.local","Engineering","ORG-Engineering"
"Kermit","R","Jameson","3023 Woodbridge Lane","Detroit","MI","48226","US","Kermit.Jameson@psudev.local","Engineering","ORG-Engineering"
"Erica","E","Williams","1882 Grim Avenue","El Cajon","CA","92020","US","Erica.Williams@psudev.local","Engineering","ORG-Engineering"
"Reginald","C","Henry","696 Cooks Mine Road","Los Alamos","NM","87544","US","Reginald.Henry@psudev.local","Engineering","ORG-Engineering"
"Ricardo","S","Hansen","4791 Desert Broom Court","Parsippany","NJ","07054","US","Ricardo.Hansen@psudev.local","Engineering","ORG-Engineering"
"Ashely","R","Lewis","1731 Elmwood Avenue","Newark","PA","19714","US","Ashely.Lewis@psudev.local","Engineering","ORG-Engineering"
"Pauline","T","Hurley","4759 Fidler Drive","San Antonio","TX","78205","US","Pauline.Hurley@psudev.local","Engineering","ORG-Engineering"
"John","B","Steward","3249 Simpson Avenue","Mcveytown","PA","17051","US","John.Steward@psudev.local","Engineering","ORG-Engineering"
"William","C","Harris","2667 Summit Street","Clarence","IA","52216","US","William.Harris@psudev.local","Engineering","ORG-Engineering"
"Antonio","J","Payne","1653 Bingamon Branch Road","Suffern","NY","10901","US","Antonio.Payne@psudev.local","Engineering","ORG-Engineering"
"Lee","C","Henderson","1752 Hudson Street","Newark","NJ","07102","US","Lee.Henderson@psudev.local","Engineering","ORG-Engineering"
"Meredith","B","Espinosa","1667 Cimmaron Road","Anaheim","CA","92806","US","Meredith.Espinosa@psudev.local","Engineering","ORG-Engineering"
"Elias","V","Voelker","982 Ashford Drive","Quantico","VA","22134","US","Elias.Voelker@psudev.local","Engineering","ORG-Engineering"
"Kristy","M","Raskin","2838 Science Center Drive","Fruitland","ID","83619","US","Kristy.Raskin@psudev.local","Engineering","ORG-Engineering"
"Karen","A","Nichol","4427 Ferrell Street","Solway","MN","56678","US","Karen.Nichol@psudev.local","Engineering","ORG-Engineering"
"Mark","M","Taylor","2303 Bedford Street","Norwalk","CT","06854","US","Mark.Taylor@psudev.local","Engineering","ORG-Engineering"
"Stephen","D","Pagan","2750 Sweetwood Drive","Greenwood Village","CO","80111","US","Stephen.Pagan@psudev.local","Engineering","ORG-Engineering"
"Bertha","M","Kitchen","1791 Charles Street","Bloomfield Township","MI","48302","US","Bertha.Kitchen@psudev.local","Engineering","ORG-Engineering"
"Kaylene","P","Ouellette","1300 Fraggle Drive","Wood Dale","IL","60191","US","Kaylene.Ouellette@psudev.local","Engineering","ORG-Engineering"
"Anthony","P","Contreras","4447 Giraffe Hill Drive","Carrollton","TX","75007","US","Anthony.Contreras@psudev.local","Engineering","ORG-Engineering"
"Joseph","J","Huynh","4023 Dovetail Drive","Schaumburg","IL","60173","US","Joseph.Huynh@psudev.local","Engineering","ORG-Engineering"
"William","C","Davis","1125 Lakeland Terrace","Wyandotte","MI","48192","US","William.Davis@psudev.local","Engineering","ORG-Engineering"
"Marion","A","Watkins","2443 White Avenue","Corpus Christi","TX","78476","US","Marion.Watkins@psudev.local","Engineering","ORG-Engineering"
"Wanda","G","Coleman","2586 Metz Lane","Philadelphia","NJ","19103","US","Wanda.Coleman@psudev.local","Engineering","ORG-Engineering"
"Stephanie","G","Newell","3854 Franklin Avenue","Daytona Beach","FL","32114","US","Stephanie.Newell@psudev.local","Engineering","ORG-Engineering"
"Gary","W","Green","2086 Bartlett Avenue","Southfield","MI","48076","US","Gary.Green@psudev.local","Engineering","ORG-Engineering"
"Adam","B","McGill","2719 Timberbrook Lane","Joes","CO","80822","US","Adam.McGill@psudev.local","Engineering","ORG-Engineering"
"Esther","C","Borrero","3703 Ridenour Street","Miami","FL","33106","US","Esther.Borrero@psudev.local","Engineering","ORG-Engineering"
"Laverna","J","Henderson","940 Victoria Street","Lombard","IL","60148","US","Laverna.Henderson@psudev.local","Engineering","ORG-Engineering"
"Katherine","P","Keels","4357 Armbrester Drive","Pomona","CA","91766","US","Katherine.Keels@psudev.local","Engineering","ORG-Engineering"
"William","M","Taylor","2574 Musgrave Street","Atlanta","GA","30346","US","William.Taylor@psudev.local","Engineering","ORG-Engineering"
"Harry","T","Burke","4876 Eva Pearl Street","Baton Rouge","LA","70802","US","Harry.Burke@psudev.local","Engineering","ORG-Engineering"
"Vicki","J","Barrett","4588 Raccoon Run","Redmond","WA","98052","US","Vicki.Barrett@psudev.local","Engineering","ORG-Engineering"
"Clarence","L","Suits","1440 Lakeland Terrace","Southfield","MI","48075","US","Clarence.Suits@psudev.local","Engineering","ORG-Engineering"
"Joseph","P","Funk","1908 Lowndes Hill Park Road","Bakersfield","CA","93301","US","Joseph.Funk@psudev.local","Engineering","ORG-Engineering"
"Cassie","W","Cook","2136 Diamond Cove","Providence","RI","02903","US","Cassie.Cook@psudev.local","Engineering","ORG-Engineering"
"Gale","J","Hamilton","474 Twin Oaks Drive","Grand Rapids","MI","49503","US","Gale.Hamilton@psudev.local","Engineering","ORG-Engineering"
"Manuel","R","Larrabee","2337 Lady Bug Drive","New York","NY","10011","US","Manuel.Larrabee@psudev.local","Engineering","ORG-Engineering"
"Dustin","J","Cochran","3956 Stewart Street","Carmel","IN","46032","US","Dustin.Cochran@psudev.local","Engineering","ORG-Engineering"
"Patricia","I","Edge","1184 Daylene Drive","Carleton","MI","48117","US","Patricia.Edge@psudev.local","Engineering","ORG-Engineering"
"Ta","P","Marchand","1482 Brighton Circle Road","Bellingham","MN","56212","US","Ta.Marchand@psudev.local","Engineering","ORG-Engineering"
"Nicholas","D","Jay","2671 Shinn Avenue","Ambridge","PA","15003","US","Nicholas.Jay@psudev.local","Engineering","ORG-Engineering"
"James","M","Rosenberg","319 Morris Street","Karnes City","TX","78118","US","James.Rosenberg@psudev.local","Engineering","ORG-Engineering"
"Carlos","N","Stoker","181 Rockford Road","Reno","NV","89501","US","Carlos.Stoker@psudev.local","Engineering","ORG-Engineering"
"Dorothy","T","Roberts","4518 Washington Street","Pettus","TX","78146","US","Dorothy.Roberts@psudev.local","Engineering","ORG-Engineering"
"Adria","D","Saylors","658 Hog Camp Road","Chicago","IL","60601","US","Adria.Saylors@psudev.local","Engineering","ORG-Engineering"
"Mark","M","Macdonald","4134 Elmwood Avenue","Scottsdale","AZ","85251","US","Mark.Macdonald@psudev.local","Engineering","ORG-Engineering"
"Dan","N","Williams","3878 Allison Avenue","Richmond","VA","23219","US","Dan.Williams@psudev.local","Engineering","ORG-Engineering"
"Leila","J","Garland","3864 Echo Lane","Kalamazoo","MI","49007","US","Leila.Garland@psudev.local","Engineering","ORG-Engineering"
"Michael","C","Rogue","4427 Mercer Street","Lindsey","WI","54449","US","Michael.Rogue@psudev.local","Engineering","ORG-Engineering"
"Daisy","E","Olivarez","3092 Dane Street","Spokane","WA","99202","US","Daisy.Olivarez@psudev.local","Engineering","ORG-Engineering"
"Andrea","E","Schmidt","4211 Charla Lane","Duncanville","TX","75116","US","Andrea.Schmidt@psudev.local","Engineering","ORG-Engineering"
"James","N","Najera","1632 Ocello Street","San Diego","CA","92111","US","James.Najera@psudev.local","Engineering","ORG-Engineering"
"Tony","V","Matthews","1475 Goldcliff Circle","Washington","DC","20005","US","Tony.Matthews@psudev.local","Engineering","ORG-Engineering"
"Aubrey","P","Hatton","1680 Briarwood Drive","Camden","NJ","08102","US","Aubrey.Hatton@psudev.local","Engineering","ORG-Engineering"
"Wm","P","Massey","1351 Francis Mine","Alturas","CA","96101","US","Wm.Massey@psudev.local","Engineering","ORG-Engineering"
"Anna","R","Dawson","4357 Davis Place","Milo","MO","64767","US","Anna.Dawson@psudev.local","Engineering","ORG-Engineering"
"Sherry","S","Quintero","770 Jennifer Lane","Durham","NC","27704","US","Sherry.Quintero@psudev.local","Engineering","ORG-Engineering"
"April","T","Zack","3592 Beech Street","Danville","CA","94526","US","April.Zack@psudev.local","Engineering","ORG-Engineering"
"Derick","M","Randall","3850 Badger Pond Lane","Plant City","FL","33566","US","Derick.Randall@psudev.local","Engineering","ORG-Engineering"
"Jose","M","Orr","2935 Rosebud Avenue","Pine Bluff","AR","71601","US","Jose.Orr@psudev.local","Engineering","ORG-Engineering"
"John","L","Phillips","1201 Cheshire Road","Waterbury","CT","06702","US","John.Phillips@psudev.local","Engineering","ORG-Engineering"
"Sara","N","Plunkett","3892 Jadewood Farms","Dover","NJ","07801","US","Sara.Plunkett@psudev.local","Engineering","ORG-Engineering"
"Ronnie","M","Lobel","3012 Felosa Drive","Santa Anna","TX","76878","US","Ronnie.Lobel@psudev.local","Finance","ORG-Finance"
"Pat","E","Morris","4953 Buck Drive","Waterbury","VT","05676","US","Pat.Morris@psudev.local","Finance","ORG-Finance"
"Danny","A","Banker","2970 Eastland Avenue","Hattiesburg","MS","39402","US","Danny.Banker@psudev.local","Finance","ORG-Finance"
"Dwight","B","Elam","1994 Godfrey Road","New York","NY","10004","US","Dwight.Elam@psudev.local","Finance","ORG-Finance"
"Crystal","J","Stephens","3334 Carriage Court","Bombay Beach","CA","92257","US","Crystal.Stephens@psudev.local","Finance","ORG-Finance"
"Jeff","M","Dickson","2710 Collins Street","Winter Haven","FL","33830","US","Jeff.Dickson@psudev.local","Finance","ORG-Finance"
"Oscar","J","Nelson","3011 Waterview Lane","Roswell","NM","88201","US","Oscar.Nelson@psudev.local","Finance","ORG-Finance"
"Richard","K","White","2223 Conifer Drive","Seattle","WA","98109","US","Richard.White@psudev.local","Finance","ORG-Finance"
"Christina","M","Ramey","2784 Fire Access Road","Greensboro","NC","27406","US","Christina.Ramey@psudev.local","Finance","ORG-Finance"
"Velma","D","Mills","104 Dola Mine Road","Morrisville","NC","27560","US","Velma.Mills@psudev.local","Finance","ORG-Finance"
"Richard","C","Dean","632 Eagles Nest Drive","Sacramento","CA","95814","US","Richard.Dean@psudev.local","Finance","ORG-Finance"
"Amanda","D","Garza","917 Abner Road","Wisconsin Rapids","WI","54494","US","Amanda.Garza@psudev.local","Finance","ORG-Finance"
"David","J","Palacios","2391 Chapel Street","Houston","TX","77032","US","David.Palacios@psudev.local","Finance","ORG-Finance"
"Jade","E","Helle","2120 Clay Street","Indianapolis","IN","46254","US","Jade.Helle@psudev.local","Finance","ORG-Finance"
"Dennis","E","Apperson","4479 Patterson Fork Road","Chicago","IL","60606","US","Dennis.Apperson@psudev.local","Finance","ORG-Finance"
"Bessie","C","May","2038 Thompson Drive","San Francisco","CA","94108","US","Bessie.May@psudev.local","Finance","ORG-Finance"
"Susan","F","Brock","1876 Saint Francis Way","Philadelphia","PA","19123","US","Susan.Brock@psudev.local","Finance","ORG-Finance"
"Loraine","P","Humphrey","2908 Spring Street","Benld","IL","62009","US","Loraine.Humphrey@psudev.local","Finance","ORG-Finance"
"Katherine","S","Field","3898 Leo Street","Tarentum","PA","15084","US","Katherine.Field@psudev.local","Finance","ORG-Finance"
"Cornelius","M","Elmore","603 Ryan Road","Marion","SD","57043","US","Cornelius.Elmore@psudev.local","Finance","ORG-Finance"
"Richard","A","Wilson","1688 Haymond Rocks Road","Rogue River","OR","97537","US","Richard.Wilson@psudev.local","Finance","ORG-Finance"
"Eva","F","Wertz","1037 Melody Lane","Richmond","VA","23219","US","Eva.Wertz@psudev.local","Finance","ORG-Finance"
"Brenda","B","Rountree","1917 New Creek Road","Huntsville","AL","35816","US","Brenda.Rountree@psudev.local","Finance","ORG-Finance"
"Tammy","D","Miles","1652 Valley Street","Camden","NJ","08102","US","Tammy.Miles@psudev.local","Finance","ORG-Finance"
"Jamie","T","Hurt","2663 Hall Place","Longview","TX","75604","US","Jamie.Hurt@psudev.local","Finance","ORG-Finance"
"Harold","S","Garza","2682 Terra Street","Seattle","WA","98109","US","Harold.Garza@psudev.local","Finance","ORG-Finance"
"Stanley","A","Deming","3894 Hickory Ridge Drive","Las Vegas","NV","89109","US","Stanley.Deming@psudev.local","Finance","ORG-Finance"
"Terry","D","Shin","1839 Jerry Toth Drive","Clear","AK","99704","US","Terry.Shin@psudev.local","Finance","ORG-Finance"
"Roberta","R","McGough","1204 Sunrise Road","Las Vegas","NV","89101","US","Roberta.McGough@psudev.local","Finance","ORG-Finance"
"James","A","Baldwin","3579 Goldie Lane","Cincinnati","OH","45202","US","James.Baldwin@psudev.local","Finance","ORG-Finance"
"Carol","J","Giordano","4707 Walnut Hill Drive","Cincinnati","OH","45202","US","Carol.Giordano@psudev.local","Finance","ORG-Finance"
"Cesar","S","Sanders","3576 Wolf Pen Road","Redwood City","CA","94063","US","Cesar.Sanders@psudev.local","Finance","ORG-Finance"
"Thomas","F","Shaver","979 Oral Lake Road","Wayzata","MN","55391","US","Thomas.Shaver@psudev.local","Finance","ORG-Finance"
"Marie","G","Gonzalez","4004 Layman Avenue","Savannah","GA","31401","US","Marie.Gonzalez@psudev.local","Finance","ORG-Finance"
"Ruth","R","Weiss","3767 Johnstown Road","Des Plaines","IL","60016","US","Ruth.Weiss@psudev.local","Finance","ORG-Finance"
"Jennifer","D","Schuler","52 August Lane","Sicily Island","LA","71368","US","Jennifer.Schuler@psudev.local","Finance","ORG-Finance"
"Donald","D","Gordon","4874 Corpening Drive","Farmington Hills","MI","48335","US","Donald.Gordon@psudev.local","Finance","ORG-Finance"
"Nancy","R","Barnes","807 Pine Street","Pittsburgh","PA","15222","US","Nancy.Barnes@psudev.local","Finance","ORG-Finance"
"Leslie","R","Atkinson","2264 Fairfield Road","East Troy","WI","53120","US","Leslie.Atkinson@psudev.local","Finance","ORG-Finance"
"John","A","Jackson","1090 Jadewood Farms","Landing","NJ","07843","US","John.Jackson@psudev.local","Finance","ORG-Finance"
"John","S","Schumann","3638 Adonais Way","Atlanta","GA","30308","US","John.Schumann@psudev.local","Finance","ORG-Finance"
"Roberta","G","Clay","279 Hartland Avenue","Appleton","WI","54911","US","Roberta.Clay@psudev.local","Finance","ORG-Finance"
"Dale","V","Scheerer","3549 Norma Lane","Shreveport","LA","71101","US","Dale.Scheerer@psudev.local","Finance","ORG-Finance"
"Gracie","L","Hendrickson","2944 Pearcy Avenue","Sidney","IN","46562","US","Gracie.Hendrickson@psudev.local","Finance","ORG-Finance"
"Eric","M","White","3359 Finwood Road","Wayne","NJ","07477","US","Eric.White@psudev.local","Finance","ORG-Finance"
"Kyle","G","Baker","2226 Shadowmar Drive","Metairie","LA","70001","US","Kyle.Baker@psudev.local","Finance","ORG-Finance"
"Denise","F","Drayton","2831 Oakmound Road","Chicago","IL","60605","US","Denise.Drayton@psudev.local","Finance","ORG-Finance"
"Wayne","F","Firth","3542 Hide A Way Road","Orlando","FL","32810","US","Wayne.Firth@psudev.local","Finance","ORG-Finance"
"Christopher","S","Harris","949 Birch Street","Indianapolis","IN","46214","US","Christopher.Harris@psudev.local","Finance","ORG-Finance"
"Frances","B","Martin","663 Dogwood Lane","Tucson","AZ","85701","US","Frances.Martin@psudev.local","Finance","ORG-Finance"
"Cindy","A","Kennedy","2062 Webster Street","New Brunswick","NJ","08901","US","Cindy.Kennedy@psudev.local","Finance","ORG-Finance"
"Anthony","K","Hayes","3031 Coulter Lane","Warsaw","VA","22572","US","Anthony.Hayes@psudev.local","Finance","ORG-Finance"
"Angelo","J","Hewitt","3834 Timber Oak Drive","Los Angeles","CA","90017","US","Angelo.Hewitt@psudev.local","Finance","ORG-Finance"
"Yvette","B","May","3044 Oral Lake Road","Minneapolis","MN","55415","US","Yvette.May@psudev.local","Finance","ORG-Finance"
"Sabrina","R","Gore","1621 Stratford Park","Bloomington","IN","47401","US","Sabrina.Gore@psudev.local","Finance","ORG-Finance"
"Oscar","M","Mills","4801 Bloomfield Way","Augusta","ME","04330","US","Oscar.Mills@psudev.local","Finance","ORG-Finance"
"Brittney","J","Eddy","1982 Shearwood Forest Drive","Manchester","NH","03101","US","Brittney.Eddy@psudev.local","Finance","ORG-Finance"
"Mary","T","Bahr","3567 Oak Ridge Drive","Manchester","MO","63011","US","Mary.Bahr@psudev.local","Finance","ORG-Finance"
"Albert","M","Handley","3830 Pearcy Avenue","Sussex","WI","53089","US","Albert.Handley@psudev.local","Finance","ORG-Finance"
"Russell","E","Smith","2904 Heron Way","Tillamook","OR","97141","US","Russell.Smith@psudev.local","Finance","ORG-Finance"
"Francine","D","Hauge","73 Ridge Road","Greensburg","KS","67054","US","Francine.Hauge@psudev.local","Finance","ORG-Finance"
"Jose","K","Hurst","3689 Wildwood Street","Boardman","OH","44512","US","Jose.Hurst@psudev.local","Finance","ORG-Finance"
"Jarred","S","Hickok","675 Briarwood Road","Springfield","MO","65806","US","Jarred.Hickok@psudev.local","Finance","ORG-Finance"
"Kayla","P","Shell","1238 Red Bud Lane","Newington","CT","06111","US","Kayla.Shell@psudev.local","Finance","ORG-Finance"
"Dawn","A","Johnson","2659 Pinchelone Street","Norfolk","VA","23502","US","Dawn.Johnson@psudev.local","Finance","ORG-Finance"
"Leticia","R","Rodriguez","3473 University Hill Road","Springfield","IL","62701","US","Leticia.Rodriguez@psudev.local","Finance","ORG-Finance"
"Tina","J","Richins","4318 Mercer Street","Ashland","WI","54806","US","Tina.Richins@psudev.local","Finance","ORG-Finance"
"Joseph","S","Henry","3415 Charles Street","Wayne","MI","48184","US","Joseph.Henry@psudev.local","Finance","ORG-Finance"
"Lee","E","Garcia","2570 Friendship Lane","Santa Clara","CA","95050","US","Lee.Garcia@psudev.local","Finance","ORG-Finance"
"Laura","W","Newbill","416 Jerry Dove Drive","Harleyville","SC","29448","US","Laura.Newbill@psudev.local","Finance","ORG-Finance"
"Lawerence","P","Gibson","74 Ross Street","Mount Vernon","IL","62864","US","Lawerence.Gibson@psudev.local","Finance","ORG-Finance"
"Jeannette","T","Griffin","4043 Ashmor Drive","Fargo","MN","58102","US","Jeannette.Griffin@psudev.local","Finance","ORG-Finance"
"Ralph","D","Bidwell","1012 Wayside Lane","San Leandro","CA","94578","US","Ralph.Bidwell@psudev.local","Finance","ORG-Finance"
"Sophie","J","Balser","3361 Collins Street","Zephyrhills","FL","33541","US","Sophie.Balser@psudev.local","Finance","ORG-Finance"
"Michael","M","Sparks","1833 Peaceful Lane","Shaker Heights","OH","44120","US","Michael.Sparks@psudev.local","Finance","ORG-Finance"
"Heriberto","D","Otero","995 Hayhurst Lane","Troy","MI","48083","US","Heriberto.Otero@psudev.local","Finance","ORG-Finance"
"Matthew","M","Mozee","3192 Geraldine Lane","Westbury","NY","11590","US","Matthew.Mozee@psudev.local","Finance","ORG-Finance"
"Terry","J","Heide","4893 Nutter Street","Freeman","MO","64746","US","Terry.Heide@psudev.local","Finance","ORG-Finance"
"John","K","Ransom","960 Whaley Lane","Kenosha","WI","53140","US","John.Ransom@psudev.local","Finance","ORG-Finance"
"Wanda","T","Tack","3920 Florence Street","Clarksville","TX","75426","US","Wanda.Tack@psudev.local","Finance","ORG-Finance"
"Lauren","W","Balsamo","1553 Fort Street","Engelhard","NC","27824","US","Lauren.Balsamo@psudev.local","Finance","ORG-Finance"
"Dorothy","M","Davidson","3108 Prospect Valley Road","Rancho Dominguez","CA","90220","US","Dorothy.Davidson@psudev.local","Finance","ORG-Finance"
"Patrick","B","Hick","1613 Quilly Lane","Columbus","OH","43215","US","Patrick.Hick@psudev.local","Finance","ORG-Finance"
"Nicholas","B","Farrell","142 Bruce Street","Saint Louis","MO","63104","US","Nicholas.Farrell@psudev.local","Finance","ORG-Finance"
"Helen","T","Thomas","3337 Pennsylvania Avenue","New Brunswick","NJ","08901","US","Helen.Thomas@psudev.local","Finance","ORG-Finance"
"Irene","J","Hunter","1839 Parrill Court","Crown Point","IN","46307","US","Irene.Hunter@psudev.local","Finance","ORG-Finance"
"Florence","W","Garman","4755 Mill Street","Avon Park","FL","33825","US","Florence.Garman@psudev.local","Finance","ORG-Finance"
"Tommie","R","Goodman","2980 Mapleview Drive","Tarpon Springs","FL","34689","US","Tommie.Goodman@psudev.local","Finance","ORG-Finance"
"Jack","D","Saldivar","4656 Graystone Lakes","Macon","GA","31206","US","Jack.Saldivar@psudev.local","Finance","ORG-Finance"
"Stephanie","E","Smith","4329 Sweetwood Drive","Boulder","CO","80302","US","Stephanie.Smith@psudev.local","Finance","ORG-Finance"
"Vanessa","T","Switzer","4250 Doe Meadow Drive","College Park","MD","20741","US","Vanessa.Switzer@psudev.local","Finance","ORG-Finance"
"Mary","A","Hill","4096 Scenicview Drive","Bellevue","WA","98007","US","Mary.Hill@psudev.local","Finance","ORG-Finance"
"Terri","D","Powell","3253 Arrowood Drive","Jacksonville","FL","32204","US","Terri.Powell@psudev.local","Finance","ORG-Finance"
"Angelo","J","Sandoval","4310 Emma Street","Lubbock","TX","79410","US","Angelo.Sandoval@psudev.local","Finance","ORG-Finance"
"Jessica","R","Gabaldon","3367 Horner Street","Seville","OH","44273","US","Jessica.Gabaldon@psudev.local","Finance","ORG-Finance"
"Nancy","C","Thompson","418 Park Avenue","Sacramento","CA","95823","US","Nancy.Thompson@psudev.local","Finance","ORG-Finance"
"Catherine","R","Sanders","2678 Stout Street","Dover","PA","17315","US","Catherine.Sanders@psudev.local","Finance","ORG-Finance"
"Deborah","E","Paz","791 Elk City Road","Indianapolis","IN","46229","US","Deborah.Paz@psudev.local","Finance","ORG-Finance"
"Vicky","J","Houghton","4033 Coburn Hollow Road","Roseville","IL","61473","US","Vicky.Houghton@psudev.local","Finance","ORG-Finance"
"Amber","R","Peterson","2044 Star Route","Oak Park","IL","60300","US","Amber.Peterson@psudev.local","Finance","ORG-Finance"
"Andrew","L","Jenkins","964 Agriculture Lane","Charleston","WV","25301","US","Andrew.Jenkins@psudev.local","Marketing","ORG-Marketing"
"Margaret","S","Cerda","1534 Lightning Point Drive","Memphis","TN","38110","US","Margaret.Cerda@psudev.local","Marketing","ORG-Marketing"
"Helen","S","Wade","1617 Gore Street","Houston","TX","77006","US","Helen.Wade@psudev.local","Marketing","ORG-Marketing"
"Teresa","J","Flagg","2461 Ashton Lane","Austin","TX","78746","US","Teresa.Flagg@psudev.local","Marketing","ORG-Marketing"
"Andrew","J","Shah","2312 Hudson Street","Dover","NJ","07801","US","Andrew.Shah@psudev.local","Marketing","ORG-Marketing"
"Gus","K","Meidinger","4566 Passaic Street","Rutherford","NJ","07070","US","Gus.Meidinger@psudev.local","Marketing","ORG-Marketing"
"Cindy","A","Heitz","1335 Norma Avenue","Alto","TX","75925","US","Cindy.Heitz@psudev.local","Marketing","ORG-Marketing"
"Christine","K","Anderson","628 Giraffe Hill Drive","Allen","TX","75002","US","Christine.Anderson@psudev.local","Marketing","ORG-Marketing"
"Charles","P","Lyles","4196 Wood Street","Saginaw","MI","48607","US","Charles.Lyles@psudev.local","Marketing","ORG-Marketing"
"Joshua","A","Carlson","915 Stuart Street","Pittsburgh","PA","15201","US","Joshua.Carlson@psudev.local","Marketing","ORG-Marketing"
"Eddie","F","Biggs","3311 Horseshoe Lane","Philadelphia","PA","19108","US","Eddie.Biggs@psudev.local","Marketing","ORG-Marketing"
"Regina","R","Cardenas","4911 Oakwood Avenue","New York","NY","10004","US","Regina.Cardenas@psudev.local","Marketing","ORG-Marketing"
"Myrtle","T","Lance","4017 Ventura Drive","Santa Cruz","CA","95062","US","Myrtle.Lance@psudev.local","Marketing","ORG-Marketing"
"Hazel","J","Nelson","439 Harter Street","Tipp City","OH","45371","US","Hazel.Nelson@psudev.local","Marketing","ORG-Marketing"
"Henrietta","T","Young","1637 Oliverio Drive","Liberal","KS","67901","US","Henrietta.Young@psudev.local","Marketing","ORG-Marketing"
"Joan","A","Land","3129 Cardinal Lane","Paris","IL","61944","US","Joan.Land@psudev.local","Marketing","ORG-Marketing"
"Lee","S","Land","2648 Ersel Street","Dallas","TX","75225","US","Lee.Land@psudev.local","Marketing","ORG-Marketing"
"Joseph","S","Johnson","2063 Fannie Street","Bay City","TX","77414","US","Joseph.Johnson@psudev.local","Marketing","ORG-Marketing"
"Sue","L","Doe","778 Edsel Road","Sherman Oaks","CA","91403","US","Sue.Doe@psudev.local","Marketing","ORG-Marketing"
"Ashley","C","Valdez","2177 Poco Mas Drive","Dallas","TX","75247","US","Ashley.Valdez@psudev.local","Marketing","ORG-Marketing"
"Catherine","J","Randolph","17 Cost Avenue","Germantown","MD","20767","US","Catherine.Randolph@psudev.local","Marketing","ORG-Marketing"
"Micheal","C","Ortiz","3255 Joseph Street","Menomonee Falls","WI","53051","US","Micheal.Ortiz@psudev.local","Marketing","ORG-Marketing"
"Lewis","P","Perrone","130 Ray Court","Wilmington","NC","28401","US","Lewis.Perrone@psudev.local","Marketing","ORG-Marketing"
"Vicki","J","Harless","4505 Worley Avenue","Farmville","VA","23901","US","Vicki.Harless@psudev.local","Marketing","ORG-Marketing"
"Susan","M","Miles","2697 Hillcrest Drive","Tacoma","WA","98402","US","Susan.Miles@psudev.local","Marketing","ORG-Marketing"
"Michael","H","Minks","3590 School Street","Washington","DC","20036","US","Michael.Minks@psudev.local","Marketing","ORG-Marketing"
"Corey","R","Mask","2949 Meadowcrest Lane","Pikeville","KY","41501","US","Corey.Mask@psudev.local","Marketing","ORG-Marketing"
"Phillip","B","Render","2451 Eva Pearl Street","Maringouin","LA","70757","US","Phillip.Render@psudev.local","Marketing","ORG-Marketing"
"Raymond","M","Watters","2430 Oakdale Avenue","Poinciana","FL","34759","US","Raymond.Watters@psudev.local","Marketing","ORG-Marketing"
"Shante","C","Blum","3367 Trails End Road","Hialeah","FL","33012","US","Shante.Blum@psudev.local","Marketing","ORG-Marketing"
"Walker","R","Love","123 Collins Street","Clarion","PA","16214","US","Walker.Love@psudev.local","Marketing","ORG-Marketing"
"Bobby","D","Fagundes","3112 Freshour Circle","San Antonio","TX","78219","US","Bobby.Fagundes@psudev.local","Marketing","ORG-Marketing"
"Christy","C","Gray","4149 Wayside Lane","Concord","CA","94520","US","Christy.Gray@psudev.local","Marketing","ORG-Marketing"
"Karin","R","Pacheco","4404 Tail Ends Road","Manawa","WI","54949","US","Karin.Pacheco@psudev.local","Marketing","ORG-Marketing"
"Donna","M","Bleau","2445 Meadowcrest Lane","Meads","KY","41129","US","Donna.Bleau@psudev.local","Marketing","ORG-Marketing"
"William","K","Bryson","4675 Bingamon Branch Road","Oak Brook","IL","60523","US","William.Bryson@psudev.local","Marketing","ORG-Marketing"
"Mary","J","Evangelista","358 Hart Ridge Road","Bay City","MI","48706","US","Mary.Evangelista@psudev.local","Marketing","ORG-Marketing"
"Carrie","E","Bator","4592 Bingamon Road","Cleveland","OH","44115","US","Carrie.Bator@psudev.local","Marketing","ORG-Marketing"
"Alexis","A","Wiseman","1998 Jim Rosa Lane","San Francisco","CA","94107","US","Alexis.Wiseman@psudev.local","Marketing","ORG-Marketing"
"Virginia","M","Adams","171 Flinderation Road","Chicago","IL","60631","US","Virginia.Adams@psudev.local","Marketing","ORG-Marketing"
"Joseph","M","Pierce","2429 Abia Martin Drive","New York","NY","10011","US","Joseph.Pierce@psudev.local","Marketing","ORG-Marketing"
"Willie","K","Hendry","2185 Oak Lane","Bucklin","MO","64631","US","Willie.Hendry@psudev.local","Marketing","ORG-Marketing"
"Randi","W","Joseph","325 Haven Lane","Lansing","MI","48933","US","Randi.Joseph@psudev.local","Marketing","ORG-Marketing"
"Katrina","J","Richards","4485 Veltri Drive","Elfin Cove","AK","99825","US","Katrina.Richards@psudev.local","Marketing","ORG-Marketing"
"David","P","Dickson","1083 Maple Court","Safe","MO","65559","US","David.Dickson@psudev.local","Marketing","ORG-Marketing"
"Damon","A","Alexander","2507 Lunetta Street","Denton","TX","76201","US","Damon.Alexander@psudev.local","Marketing","ORG-Marketing"
"Glenda","W","Huffman","537 Zimmerman Lane","Los Angeles","CA","90026","US","Glenda.Huffman@psudev.local","Marketing","ORG-Marketing"
"Michael","S","Frank","320 Ashwood Drive","Bedford","IA","50833","US","Michael.Frank@psudev.local","Marketing","ORG-Marketing"
"Irwin","K","Cutshall","4012 Liberty Avenue","Irvine","CA","92664","US","Irwin.Cutshall@psudev.local","Marketing","ORG-Marketing"
"Gerald","E","Decker","3716 Camden Street","Sparks","NV","89431","US","Gerald.Decker@psudev.local","Marketing","ORG-Marketing"
"Betty","F","Corson","2408 Middleville Road","Los Angeles","CA","90017","US","Betty.Corson@psudev.local","Marketing","ORG-Marketing"
"Thelma","J","Blackshire","926 White Oak Drive","Holden","MO","64040","US","Thelma.Blackshire@psudev.local","Marketing","ORG-Marketing"
"Renee","D","Katz","500 Milford Street","Dover","NH","03820","US","Renee.Katz@psudev.local","Marketing","ORG-Marketing"
"Rafael","L","Bogan","3711 Washburn Street","Baton Rouge","LA","70802","US","Rafael.Bogan@psudev.local","Marketing","ORG-Marketing"
"Rosanna","J","Genest","791 Graystone Lakes","Macon","GA","31210","US","Rosanna.Genest@psudev.local","Marketing","ORG-Marketing"
"Douglas","L","Torres","3692 Hickory Ridge Drive","Las Vegas","NV","89109","US","Douglas.Torres@psudev.local","Marketing","ORG-Marketing"
"Darlene","J","Bullock","585 Warner Street","Miami","FL","33128","US","Darlene.Bullock@psudev.local","Marketing","ORG-Marketing"
"Retha","J","Smith","4306 Pin Oak Drive","Downey","CA","90241","US","Retha.Smith@psudev.local","Marketing","ORG-Marketing"
"Jennifer","D","Kline","277 Terra Street","Oak Harbor","WA","98277","US","Jennifer.Kline@psudev.local","Marketing","ORG-Marketing"
"Alan","V","Maxwell","2550 Berry Street","Pueblo","CO","81003","US","Alan.Maxwell@psudev.local","Marketing","ORG-Marketing"
"James","J","Santamaria","2796 Metz Lane","West Roxbury","MA","02132","US","James.Santamaria@psudev.local","Marketing","ORG-Marketing"
"Juan","V","Moore","2971 Lyon Avenue","Sagamore","MA","02561","US","Juan.Moore@psudev.local","Marketing","ORG-Marketing"
"Dallas","W","Stewart","64 Brookview Drive","Jasper","TX","75951","US","Dallas.Stewart@psudev.local","Marketing","ORG-Marketing"
"Monique","J","Mullin","3766 Breezewood Court","Arkansas City","KS","67005","US","Monique.Mullin@psudev.local","Marketing","ORG-Marketing"
"Larry","M","Atkins","4580 Griffin Street","Phoenix","AZ","85041","US","Larry.Atkins@psudev.local","Marketing","ORG-Marketing"
"Joan","R","Rice","1712 Lucy Lane","Edinburgh","IN","46124","US","Joan.Rice@psudev.local","Marketing","ORG-Marketing"
"Beth","J","Perry","603 Pride Avenue","Brooklyn","NY","11212","US","Beth.Perry@psudev.local","Marketing","ORG-Marketing"
"David","C","Carpenter","521 Felosa Drive","Lueders","TX","79533","US","David.Carpenter@psudev.local","Marketing","ORG-Marketing"
"Phillip","N","Mendelson","2781 Goff Avenue","South Haven","MI","49090","US","Phillip.Mendelson@psudev.local","Marketing","ORG-Marketing"
"Rachel","I","Parker","4031 Snyder Avenue","Charlotte","NC","28202","US","Rachel.Parker@psudev.local","Marketing","ORG-Marketing"
"Dennis","D","Hayes","2565 Loving Acres Road","Fort Worth","TX","76102","US","Dennis.Hayes@psudev.local","Marketing","ORG-Marketing"
"Patricia","D","Barry","1159 Circle Drive","Houston","TX","77036","US","Patricia.Barry@psudev.local","Marketing","ORG-Marketing"
"Perry","M","Cooper","429 White River Way","Salt Lake City","UT","84101","US","Perry.Cooper@psudev.local","Marketing","ORG-Marketing"
"Toby","T","Mares","3128 North Bend River Road","Lexington","KY","40505","US","Toby.Mares@psudev.local","Marketing","ORG-Marketing"
"Christina","E","Hutchens","3435 Laurel Lee","Maplewood","MN","55119","US","Christina.Hutchens@psudev.local","Marketing","ORG-Marketing"
"James","D","Mattison","3747 Shinn Street","New York","NY","10036","US","James.Mattison@psudev.local","Marketing","ORG-Marketing"
"Jose","S","Rivera","2446 Rollins Road","Saint Paul","NE","68873","US","Jose.Rivera@psudev.local","Marketing","ORG-Marketing"
"Joshua","C","Arnold","4607 Prudence Street","Detroit","MI","48224","US","Joshua.Arnold@psudev.local","Marketing","ORG-Marketing"
"James","D","Barr","1792 Poco Mas Drive","Dallas","TX","75212","US","James.Barr@psudev.local","Marketing","ORG-Marketing"
"James","P","Romero","2098 Traders Alley","Kansas City","MO","64106","US","James.Romero@psudev.local","Marketing","ORG-Marketing"
"John","J","Hansen","529 Ridge Road","Riverdale","KS","67130","US","John.Hansen@psudev.local","Marketing","ORG-Marketing"
"Brittany","C","Monroe","370 Tully Street","Detroit","MI","48219","US","Brittany.Monroe@psudev.local","Marketing","ORG-Marketing"
"Doris","R","Burns","38 Whaley Lane","Milwaukee","WI","53202","US","Doris.Burns@psudev.local","Marketing","ORG-Marketing"
"Joni","C","Jones","3208 Waldeck Street","Watauga","TX","76148","US","Joni.Jones@psudev.local","Marketing","ORG-Marketing"
"Esther","J","Bunch","2551 Chenoweth Drive","Cookeville","TN","38501","US","Esther.Bunch@psudev.local","Marketing","ORG-Marketing"
"Charlene","S","Derr","3605 College Street","Atlanta","GA","30020","US","Charlene.Derr@psudev.local","Marketing","ORG-Marketing"
"Samuel","A","Gilliland","1035 Mapleview Drive","St Petersburg","FL","33701","US","Samuel.Gilliland@psudev.local","Marketing","ORG-Marketing"
"Elizabeth","H","Roberts","1556 Gerald L. Bates Drive","Waltham","MA","02154","US","Elizabeth.Roberts@psudev.local","Marketing","ORG-Marketing"
"Tammy","A","Naylor","432 Jadewood Drive","South Bend","IN","46601","US","Tammy.Naylor@psudev.local","Marketing","ORG-Marketing"
"Esther","W","Bormann","3811 Platinum Drive","Gibsonia","PA","15044","US","Esther.Bormann@psudev.local","Marketing","ORG-Marketing"
"Tammy","R","Kuykendall","650 Philli Lane","Hitchita","OK","74438","US","Tammy.Kuykendall@psudev.local","Marketing","ORG-Marketing"
"Charity","J","Baxley","4032 Broadway Avenue","Chattanooga","TN","37421","US","Charity.Baxley@psudev.local","Marketing","ORG-Marketing"
"Carla","A","Post","2199 Charla Lane","Plano","TX","75075","US","Carla.Post@psudev.local","Marketing","ORG-Marketing"
"Daniel","B","Pullin","4716 Boone Street","Corpus Christi","TX","78476","US","Daniel.Pullin@psudev.local","Marketing","ORG-Marketing"
"Ahmed","M","Reynolds","2429 Florence Street","Dallas","TX","75201","US","Ahmed.Reynolds@psudev.local","Marketing","ORG-Marketing"
"Ahmed","D","Zepeda","2664 White Lane","Rentz","GA","31075","US","Ahmed.Zepeda@psudev.local","Marketing","ORG-Marketing"
"Michael","L","Perez","4701 Maple Court","Silex","MO","63469","US","Michael.Perez@psudev.local","Marketing","ORG-Marketing"
"Joseph","C","Scott","4464 Kinney Street","Bedford","MA","01730","US","Joseph.Scott@psudev.local","Marketing","ORG-Marketing"
"Joshua","E","Hamm","1297 Oxford Court","Grenada","MS","38901","US","Joshua.Hamm@psudev.local","Marketing","ORG-Marketing"
"Georgia","J","Jones","2282 American Drive","Paulsboro","NJ","08066","US","Georgia.Jones@psudev.local","Marketing","ORG-Marketing"
"Sue","H","Watson","1922 Meadow Lane","Oakland","CA","94612","US","Sue.Watson@psudev.local","Marketing","ORG-Marketing"
"Rodolfo","E","Watts","3229 College Avenue","Dayton","OH","45402","US","Rodolfo.Watts@psudev.local","Marketing","ORG-Marketing"
"Hazel","R","Moreno","3401 Parkway Drive","Phoenix","AZ","85034","US","Hazel.Moreno@psudev.local","Marketing","ORG-Marketing"
"Rita","J","Sims","2149 Zimmerman Lane","Los Angeles","CA","90071","US","Rita.Sims@psudev.local","Marketing","ORG-Marketing"
"Daisy","L","Russo","2588 Liberty Avenue","Tustin","CA","92680","US","Daisy.Russo@psudev.local","Marketing","ORG-Marketing"
"Glenn","W","Smith","2307 Laurel Lane","Andrews","TX","79714","US","Glenn.Smith@psudev.local","Marketing","ORG-Marketing"
"Alfredo","G","White","4472 Bridge Street","Edna","OK","67342","US","Alfredo.White@psudev.local","Marketing","ORG-Marketing"
"Phillip","M","Garcia","4627 Stonecoal Road","Grelton","OH","43523","US","Phillip.Garcia@psudev.local","Marketing","ORG-Marketing"
"Joseph","P","Jones","226 Dovetail Estates","Clinton","OK","73601","US","Joseph.Jones@psudev.local","Marketing","ORG-Marketing"
"Lidia","F","Hubert","2036 Station Street","San Francisco","CA","94107","US","Lidia.Hubert@psudev.local","Marketing","ORG-Marketing"
"Suzanne","B","Schall","2784 Robinson Lane","Portsmouth","OH","45662","US","Suzanne.Schall@psudev.local","Marketing","ORG-Marketing"
"Sally","R","Jones","2514 Angus Road","New York","NY","10016","US","Sally.Jones@psudev.local","Marketing","ORG-Marketing"
"Lucille","Q","Chance","776 Arrowood Drive","Jacksonville","FL","32205","US","Lucille.Chance@psudev.local","Marketing","ORG-Marketing"
"Kim","T","Thompson","4836 Stroop Hill Road","Atlanta","GA","30303","US","Kim.Thompson@psudev.local","Marketing","ORG-Marketing"
"Eric","H","Garcia","1487 Khale Street","Beaufort","SC","29902","US","Eric.Garcia@psudev.local","Marketing","ORG-Marketing"
"Glenda","K","Davis","684 Pleasant Hill Road","Miami","FL","33169","US","Glenda.Davis@psudev.local","Marketing","ORG-Marketing"
"Lee","J","Scott","1096 Perine Street","Alexandria","VA","22370","US","Lee.Scott@psudev.local","Marketing","ORG-Marketing"
"Joseph","C","Ezell","2351 Burnside Avenue","Lake Powell","UT","84533","US","Joseph.Ezell@psudev.local","Marketing","ORG-Marketing"
"Gladys","J","Trollinger","3038 Elk Rd Little","Albany","NY","12207","US","Gladys.Trollinger@psudev.local","Marketing","ORG-Marketing"
"Robert","C","Burns","3198 Tori Lane","Ogden","UT","84401","US","Robert.Burns@psudev.local","Marketing","ORG-Marketing"
"Brandy","R","Mercer","4583 Geneva Street","New York","NY","10013","US","Brandy.Mercer@psudev.local","Marketing","ORG-Marketing"
"Dale","M","Karam","1611 Rivendell Drive","Louisville","OH","44641","US","Dale.Karam@psudev.local","Marketing","ORG-Marketing"
"Gordon","K","Beam","3712 Collins Street","Winter Haven","FL","33830","US","Gordon.Beam@psudev.local","Marketing","ORG-Marketing"
"Gregory","R","Ford","2635 Goosetown Drive","Lenoir","NC","28645","US","Gregory.Ford@psudev.local","Marketing","ORG-Marketing"
"Cheryl","B","Thomas","940 Delaware Avenue","San Francisco","CA","94115","US","Cheryl.Thomas@psudev.local","Marketing","ORG-Marketing"
"Carrie","E","Lee","4294 Hillhaven Drive","Los Angeles","CA","90017","US","Carrie.Lee@psudev.local","Marketing","ORG-Marketing"
"Eugene","B","Zielinski","3568 Hiddenview Drive","Plymouth Meeting","PA","19462","US","Eugene.Zielinski@psudev.local","Marketing","ORG-Marketing"
"Gerard","G","Scheffer","1384 Sunset Drive","Watson","AR","71674","US","Gerard.Scheffer@psudev.local","Marketing","ORG-Marketing"
"Lisa","W","Smith","4872 Colony Street","Bridgeport","CT","06604","US","Lisa.Smith@psudev.local","Marketing","ORG-Marketing"
"Steven","E","Truitt","1273 South Street","Midland","TX","79701","US","Steven.Truitt@psudev.local","Marketing","ORG-Marketing"
"Tim","M","Gannon","2356 Metz Lane","Maple Shade","NJ","08052","US","Tim.Gannon@psudev.local","Marketing","ORG-Marketing"
"Barbara","C","Cauthen","3226 Tavern Place","Englewood","CO","80112","US","Barbara.Cauthen@psudev.local","Marketing","ORG-Marketing"
"Michael","J","Nevius","4030 Angie Drive","Placentia","CA","92670","US","Michael.Nevius@psudev.local","Marketing","ORG-Marketing"
"Karen","A","Peterson","1230 Cambridge Court","Natural Dam","AR","72948","US","Karen.Peterson@psudev.local","Marketing","ORG-Marketing"
"Sarah","A","Grantham","2493 Coleman Avenue","San Diego","CA","92101","US","Sarah.Grantham@psudev.local","Marketing","ORG-Marketing"
"Richard","L","Schmidt","1370 Marigold Lane","Miami Springs","FL","33166","US","Richard.Schmidt@psudev.local","Marketing","ORG-Marketing"
"Tammy","A","Fisher","2508 Lucy Lane","Chandler","IN","47610","US","Tammy.Fisher@psudev.local","Marketing","ORG-Marketing"
"Jane","D","Stringer","4322 Romano Street","Cambridge","MA","02138","US","Jane.Stringer@psudev.local","Marketing","ORG-Marketing"
"Juan","G","Marks","4067 Shobe Lane","Durango","CO","81301","US","Juan.Marks@psudev.local","Marketing","ORG-Marketing"